ID,Data,Cidade,Temperatura Máxima (°C),Temperatura Mínima (°C),Precipitação (mm),Umidade (%),Velocidade do vento (km/h)
1,2023-01-05,Porto Alegre,38.5,13.3,20.64,61,18.0
2,2023-06-01,São Paulo,10.6,4.5,49.99,63,20.2
3,2023-03-19,Rio de Janeiro,29.7,17.2,5.44,42,13.9
4,2023-10-28,Porto Alegre,34.0,11.3,8.64,43,5.8
5,2023-11-13,Curitiba,37.6,9.7,15.18,67,18.2
6,2023-07-31,Belo Horizonte,18.7,2.0,104.02,77,15.6
7,2023-12-04,São Paulo,34.2,20.5,48.53,53,17.7
8,2023-01-18,Porto Alegre,43.8,21.2,3.32,44,6.3
9,2023-03-17,Curitiba,30.1,9.2,3.38,43,9.5
10,2023-05-04,Porto Alegre,32.7,12.8,21.77,53,19.8
11,2023-10-16,Belo Horizonte,29.1,8.0,90.7,86,28.1
12,2023-06-04,Porto Alegre,25.3,-1.7,2.93,43,8.6
13,2023-04-15,Rio de Janeiro,24.4,14.5,49.64,64,19.9
14,2023-07-04,Porto Alegre,17.4,-4.4,47.91,72,17.6
15,2023-09-16,Belo Horizonte,30.7,14.0,45.05,66,19.0
16,2023-05-23,Belo Horizonte,30.7,5.0,63.9,82,25.4
17,2023-01-13,Belo Horizonte,44.6,17.7,63.39,86,16.2
18,2023-08-29,Rio de Janeiro,12.2,5.3,117.28,78,28.7
19,2023-03-19,Porto Alegre,34.1,5.7,19.86,68,12.4
20,2023-01-07,Rio de Janeiro,36.6,22.3,138.81,91,37.1
21,2023-07-24,Curitiba,21.3,-1.5,137.96,89,17.9
22,2023-11-27,Rio de Janeiro,25.4,13.9,35.51,67,28.0
23,2023-09-04,Porto Alegre,34.9,11.8,7.52,48,7.2
24,2023-12-11,Porto Alegre,36.7,18.3,127.51,75,19.9
25,2023-06-25,Porto Alegre,19.6,-5.4,48.99,74,16.1
26,2023-06-16,Rio de Janeiro,15.2,9.5,94.32,97,24.9
27,2023-04-15,São Paulo,25.2,18.5,84.63,93,23.3
28,2023-12-21,Curitiba,39.7,22.3,32.72,66,13.6
29,2023-10-27,Belo Horizonte,31.0,10.3,26.03,73,11.7
30,2023-07-26,São Paulo,11.8,0.3,10.87,73,21.7
31,2023-03-01,Rio de Janeiro,20.4,13.5,106.62,81,35.6
32,2023-12-30,São Paulo,39.5,26.1,51.08,79,31.3
33,2023-05-01,Belo Horizonte,35.9,9.7,49.78,50,16.2
34,2023-11-04,Curitiba,36.6,4.1,30.04,60,18.1
35,2023-01-04,São Paulo,32.8,20.1,93.51,90,28.6
36,2023-01-03,Belo Horizonte,38.4,19.9,13.93,62,14.2
37,2023-11-09,Curitiba,34.0,6.3,148.39,90,21.5
38,2023-11-15,São Paulo,25.6,15.6,4.33,47,16.7
39,2023-06-08,Curitiba,18.0,-5.8,15.05,67,19.2
40,2023-08-15,Belo Horizonte,22.2,-3.1,47.25,57,13.1
41,2023-06-01,Porto Alegre,23.0,-4.0,117.84,76,20.7
42,2023-09-15,Rio de Janeiro,26.3,16.3,65.46,90,21.8
43,2023-06-15,Rio de Janeiro,17.0,4.8,10.15,59,20.9
44,2023-06-26,Rio de Janeiro,10.6,6.6,114.9,80,37.4
45,2023-05-12,Porto Alegre,32.6,5.4,5.6,44,7.6
46,2023-04-24,Curitiba,32.7,4.9,113.41,99,29.9
47,2023-12-20,Rio de Janeiro,36.1,20.9,93.63,85,36.5
48,2023-08-20,Curitiba,24.6,-1.8,64.87,91,24.9
49,2023-05-29,Rio de Janeiro,23.8,14.3,126.99,81,31.7
50,2023-07-17,São Paulo,19.3,5.0,23.05,51,27.3
51,2023-02-02,Curitiba,41.2,21.7,109.04,84,15.7
52,2023-11-25,Porto Alegre,29.4,5.7,124.02,82,26.4
53,2023-12-13,Rio de Janeiro,37.9,24.8,32.42,74,19.9
54,2023-05-04,Curitiba,27.6,3.9,120.0,98,18.9
55,2023-11-07,São Paulo,23.2,19.2,130.25,77,28.6
56,2023-10-15,Curitiba,28.9,3.2,147.32,78,22.6
57,2023-04-19,São Paulo,20.4,13.5,86.07,84,38.7
58,2023-10-08,Rio de Janeiro,24.7,19.4,49.11,56,25.7
59,2023-08-19,São Paulo,19.3,6.1,24.1,68,23.8
60,2023-01-27,Curitiba,42.9,18.9,27.27,57,10.2
61,2023-11-07,São Paulo,28.3,18.1,0.09,44,14.9
62,2023-05-09,Rio de Janeiro,27.3,13.5,67.74,87,28.4
63,2023-10-28,São Paulo,28.7,15.7,3.73,46,16.1
64,2023-03-01,Curitiba,32.9,7.2,36.78,73,16.7
65,2023-07-29,Curitiba,16.4,-0.2,85.55,79,18.8
66,2023-11-01,Rio de Janeiro,23.0,17.4,102.8,92,24.6
67,2023-07-27,Belo Horizonte,23.1,-2.6,7.14,40,9.8
68,2023-07-05,Porto Alegre,19.1,-8.3,56.21,85,22.0
69,2023-06-06,Rio de Janeiro,14.4,6.6,56.06,79,37.6
70,2023-07-18,Porto Alegre,25.9,0.8,6.26,44,6.7
71,2023-06-21,São Paulo,19.5,6.4,16.71,61,26.9
72,2023-11-21,Rio de Janeiro,29.6,17.4,26.14,58,20.9
73,2023-01-04,Porto Alegre,40.2,14.4,73.16,89,17.1
74,2023-09-08,Belo Horizonte,31.6,4.8,1.04,49,7.0
75,2023-07-31,Curitiba,28.1,-0.5,41.58,54,11.2
76,2023-07-06,Rio de Janeiro,16.1,3.4,126.0,75,24.4
77,2023-11-22,Rio de Janeiro,28.4,13.5,59.17,86,34.3
78,2023-03-06,Curitiba,27.3,2.0,123.91,77,23.9
79,2023-06-20,Rio de Janeiro,11.2,2.7,117.39,83,27.5
80,2023-03-23,Rio de Janeiro,23.7,11.2,28.0,61,22.7
81,2023-08-22,Porto Alegre,16.9,2.6,39.34,50,18.1
82,2023-08-16,Belo Horizonte,24.4,1.6,31.65,71,18.5
83,2023-02-28,Porto Alegre,44.4,17.0,137.29,99,16.6
84,2023-01-25,Rio de Janeiro,33.2,26.2,72.42,76,37.6
85,2023-05-15,Curitiba,33.2,4.3,28.35,67,15.1
86,2023-06-19,São Paulo,14.6,3.8,8.64,46,15.1
87,2023-08-30,Rio de Janeiro,14.2,8.7,31.49,63,18.2
88,2023-02-13,Belo Horizonte,45.2,12.8,10.06,66,14.3
89,2023-08-03,Porto Alegre,20.0,-5.4,16.37,71,12.2
90,2023-11-29,Curitiba,30.5,9.4,23.65,73,14.2
91,2023-03-09,Curitiba,30.8,14.5,8.53,43,6.8
92,2023-04-15,Belo Horizonte,37.1,7.4,84.74,78,17.3
93,2023-10-17,São Paulo,29.5,18.7,7.27,40,13.8
94,2023-03-01,Rio de Janeiro,21.7,11.9,27.88,53,17.5
95,2023-04-08,Porto Alegre,37.0,6.3,1.56,44,7.3
96,2023-06-13,São Paulo,12.8,1.5,27.28,66,27.4
97,2023-05-25,Belo Horizonte,38.1,5.9,25.32,73,15.1
98,2023-09-04,Porto Alegre,34.9,10.5,106.16,98,23.6
99,2023-02-12,São Paulo,33.4,25.9,48.92,55,25.3
100,2023-07-05,Curitiba,23.2,2.0,138.23,88,22.6
101,2023-11-30,Belo Horizonte,28.9,8.8,6.46,49,8.1
102,2023-09-21,Rio de Janeiro,24.3,15.0,47.89,62,20.5
103,2023-01-11,Rio de Janeiro,36.9,23.7,60.35,83,25.7
104,2023-09-27,São Paulo,22.8,17.1,72.6,99,26.2
105,2023-05-07,São Paulo,23.8,19.0,20.74,65,17.2
106,2023-08-17,São Paulo,12.6,6.1,28.37,53,27.7
107,2023-08-20,Rio de Janeiro,12.9,5.1,40.91,71,18.0
108,2023-07-10,Rio de Janeiro,14.0,3.4,105.49,87,22.8
109,2023-09-04,Belo Horizonte,33.2,7.0,112.55,79,15.8
110,2023-12-17,Belo Horizonte,42.8,19.0,123.47,87,26.6
111,2023-01-18,Porto Alegre,42.9,16.1,67.21,86,17.8
112,2023-08-01,Curitiba,26.7,-2.2,13.38,50,19.3
113,2023-03-29,Curitiba,33.0,9.8,28.6,52,18.2
114,2023-09-29,São Paulo,26.8,14.2,62.33,84,26.0
115,2023-11-15,São Paulo,21.6,14.4,72.48,84,27.7
116,2023-07-25,Rio de Janeiro,10.5,7.9,9.69,45,15.1
117,2023-11-06,Belo Horizonte,35.2,10.3,20.43,57,17.3
118,2023-03-22,Belo Horizonte,35.6,13.1,89.41,85,24.2
119,2023-04-23,Belo Horizonte,30.7,11.6,16.82,67,13.2
120,2023-04-14,São Paulo,24.6,15.0,45.87,65,29.5
121,2023-11-06,São Paulo,21.7,15.6,7.27,45,16.2
122,2023-11-27,Porto Alegre,34.4,8.6,42.97,55,10.1
123,2023-10-21,Rio de Janeiro,24.8,15.7,122.12,93,32.1
124,2023-08-03,Curitiba,18.4,-2.9,30.77,71,18.7
125,2023-03-08,Porto Alegre,26.5,6.2,36.87,74,18.1
126,2023-12-06,Belo Horizonte,38.6,16.6,2.39,41,8.9
127,2023-06-20,Porto Alegre,24.7,-6.9,51.17,95,25.4
128,2023-12-18,Rio de Janeiro,32.3,29.0,14.66,67,21.1
129,2023-09-04,Rio de Janeiro,24.1,16.8,1.49,48,14.9
130,2023-07-03,Curitiba,20.5,0.3,0.61,44,7.4
131,2023-11-23,Belo Horizonte,30.3,2.1,24.69,74,11.2
132,2023-12-05,São Paulo,34.5,20.1,116.53,78,29.8
133,2023-12-10,Curitiba,41.5,17.0,104.07,95,17.8
134,2023-05-07,Rio de Janeiro,25.5,18.5,20.18,57,21.0
135,2023-01-18,Belo Horizonte,46.7,11.8,20.2,70,15.1
136,2023-03-29,Porto Alegre,29.8,6.1,95.49,88,17.7
137,2023-01-31,Rio de Janeiro,36.1,25.2,40.94,58,21.9
138,2023-11-15,Porto Alegre,38.4,8.4,63.49,77,17.5
139,2023-07-06,São Paulo,12.0,9.9,112.32,78,30.1
140,2023-06-18,Porto Alegre,26.6,4.2,28.71,52,17.0
141,2023-11-10,Rio de Janeiro,29.8,10.1,114.82,77,36.5
142,2023-09-21,São Paulo,21.9,13.4,37.12,60,20.8
143,2023-12-29,Porto Alegre,39.7,22.3,22.14,72,14.1
144,2023-09-17,Curitiba,30.6,8.9,20.37,52,15.0
145,2023-06-19,Curitiba,25.6,3.3,10.88,68,18.7
146,2023-04-05,Belo Horizonte,35.2,5.1,138.6,98,26.7
147,2023-03-14,São Paulo,20.9,16.5,133.98,81,33.8
148,2023-09-23,Porto Alegre,29.0,7.0,52.91,83,27.8
149,2023-06-14,Belo Horizonte,26.5,-2.4,56.74,98,28.9
150,2023-08-16,São Paulo,16.4,6.2,65.59,91,28.7
151,2023-07-04,Belo Horizonte,22.4,-0.6,62.3,76,17.0
152,2023-01-31,São Paulo,36.3,21.5,93.43,98,32.4
153,2023-12-23,Curitiba,43.1,16.5,79.21,77,16.8
154,2023-12-16,Curitiba,41.9,21.9,46.05,74,12.9
155,2023-07-22,Porto Alegre,21.4,-6.1,11.16,54,14.7
156,2023-04-06,Porto Alegre,26.1,8.4,88.91,77,20.6
157,2023-10-12,Belo Horizonte,35.6,7.1,19.57,65,15.7
158,2023-08-10,Porto Alegre,19.6,-4.1,31.06,74,13.4
159,2023-11-22,Belo Horizonte,28.6,12.0,137.04,100,22.1
160,2023-06-13,São Paulo,12.2,5.6,34.16,56,17.3
161,2023-02-19,Rio de Janeiro,39.5,26.6,75.47,79,27.0
162,2023-06-03,São Paulo,12.1,1.2,143.08,78,22.4
163,2023-08-26,Porto Alegre,24.0,-4.2,34.74,72,17.5
164,2023-05-06,Rio de Janeiro,23.6,13.7,40.32,69,21.6
165,2023-10-19,São Paulo,26.1,14.4,2.85,45,15.7
166,2023-09-19,Rio de Janeiro,20.7,11.7,26.69,71,24.1
167,2023-04-16,Curitiba,28.3,0.9,120.81,83,19.3
168,2023-05-16,São Paulo,21.9,15.0,7.55,41,14.2
169,2023-06-17,Curitiba,27.6,-9.5,49.71,69,10.8
170,2023-08-24,Porto Alegre,24.6,-5.2,26.69,73,18.5
171,2023-11-13,Rio de Janeiro,20.1,15.5,2.7,42,16.4
172,2023-07-12,São Paulo,13.3,8.6,13.36,54,24.2
173,2023-09-08,Rio de Janeiro,27.8,18.4,45.86,67,20.9
174,2023-06-08,Belo Horizonte,23.2,-2.4,12.53,67,15.1
175,2023-07-17,São Paulo,18.8,8.8,142.02,96,21.5
176,2023-10-07,Rio de Janeiro,24.7,12.9,26.72,62,18.4
177,2023-08-22,São Paulo,19.8,1.9,20.13,63,26.3
178,2023-12-23,Rio de Janeiro,34.1,29.6,88.44,89,37.0
179,2023-03-22,Rio de Janeiro,28.4,10.5,10.06,59,19.6
180,2023-08-18,Rio de Janeiro,19.0,4.2,28.61,71,21.8
181,2023-08-17,Belo Horizonte,22.6,-2.3,4.4,41,5.8
182,2023-02-05,Curitiba,43.8,19.1,147.06,99,29.4
183,2023-06-29,Curitiba,25.9,-3.4,38.0,59,15.9
184,2023-07-12,Belo Horizonte,23.0,-9.7,144.83,89,16.6
185,2023-11-20,Curitiba,28.9,5.6,67.42,89,16.4
186,2023-07-22,Porto Alegre,19.6,1.1,102.63,95,15.8
187,2023-01-04,Belo Horizonte,41.2,15.5,11.69,50,10.9
188,2023-04-26,São Paulo,25.7,14.6,73.63,100,32.1
189,2023-05-29,São Paulo,25.0,16.2,3.27,47,14.3
190,2023-11-01,Curitiba,36.3,10.5,137.1,85,18.0
191,2023-02-28,Curitiba,37.4,14.7,55.54,85,29.0
192,2023-05-27,Belo Horizonte,34.7,5.1,5.73,49,8.7
193,2023-08-26,Rio de Janeiro,12.8,5.6,130.35,92,35.2
194,2023-03-21,Curitiba,36.3,10.2,32.55,59,18.4
195,2023-05-08,São Paulo,22.0,11.2,6.83,47,12.6
196,2023-02-23,Rio de Janeiro,34.3,21.4,24.18,53,23.2
197,2023-01-08,Porto Alegre,44.8,17.9,46.8,71,11.7
198,2023-06-25,São Paulo,11.5,1.7,33.75,68,21.8
199,2023-06-25,Rio de Janeiro,16.8,2.0,44.76,53,16.6
200,2023-11-28,Curitiba,31.3,2.8,66.85,78,18.3
201,2023-09-04,Curitiba,33.4,12.0,126.0,89,25.2
202,2023-02-09,Curitiba,40.9,13.2,24.34,61,10.7
203,2023-04-09,São Paulo,25.8,14.1,86.84,84,24.8
204,2023-08-13,Porto Alegre,20.7,-8.5,27.2,71,12.8
205,2023-11-07,Curitiba,35.7,12.6,14.27,52,19.3
206,2023-09-12,São Paulo,21.5,17.3,122.28,80,37.8
207,2023-09-13,Porto Alegre,28.2,11.2,140.7,89,20.2
208,2023-01-21,Belo Horizonte,38.7,14.5,14.4,58,18.3
209,2023-12-30,Belo Horizonte,40.8,15.4,42.2,63,17.2
210,2023-10-16,Porto Alegre,35.8,8.4,5.83,40,5.8
211,2023-11-15,Curitiba,38.4,13.7,79.0,88,21.0
212,2023-07-31,Rio de Janeiro,18.5,5.6,24.48,50,28.0
213,2023-04-30,São Paulo,26.6,12.0,65.53,82,35.2
214,2023-11-09,São Paulo,24.7,13.0,38.23,62,15.8
215,2023-05-29,Belo Horizonte,35.4,12.4,21.97,69,12.5
216,2023-11-26,São Paulo,25.3,10.1,19.72,59,24.4
217,2023-09-01,Curitiba,29.4,10.3,5.6,45,6.2
218,2023-11-12,Porto Alegre,38.4,6.2,9.78,47,6.3
219,2023-03-30,Curitiba,36.5,3.0,49.23,56,19.6
220,2023-02-02,Curitiba,45.2,14.7,10.81,67,14.1
221,2023-09-01,Rio de Janeiro,29.4,14.5,135.67,83,28.8
222,2023-06-04,Curitiba,27.7,-7.1,1.23,45,7.5
223,2023-07-31,Belo Horizonte,25.2,-4.4,4.39,42,5.1
224,2023-03-03,Rio de Janeiro,23.1,14.6,47.49,68,19.3
225,2023-04-12,Belo Horizonte,33.6,11.3,9.11,43,9.2
226,2023-09-09,Curitiba,25.6,12.5,125.47,86,25.1
227,2023-04-25,Belo Horizonte,32.9,5.1,146.08,96,29.4
228,2023-06-28,Belo Horizonte,20.6,-5.4,93.82,76,26.4
229,2023-10-19,São Paulo,21.1,14.4,47.76,55,21.4
230,2023-06-13,Belo Horizonte,26.6,-2.9,9.64,45,6.2
231,2023-01-13,Curitiba,42.0,12.9,54.41,96,19.9
232,2023-03-22,Belo Horizonte,34.4,5.2,2.55,49,7.5
233,2023-05-14,Belo Horizonte,28.8,14.2,35.91,53,10.2
234,2023-07-03,São Paulo,10.7,7.1,28.66,68,27.4
235,2023-05-03,Curitiba,36.8,11.6,93.68,82,23.2
236,2023-01-21,Rio de Janeiro,32.1,23.8,1.24,46,17.0
237,2023-03-10,Curitiba,27.3,5.7,6.62,45,7.1
238,2023-09-29,Porto Alegre,31.0,6.2,17.37,58,19.6
239,2023-08-24,São Paulo,13.6,2.0,73.54,89,31.5
240,2023-01-10,Porto Alegre,44.1,18.0,21.12,60,15.7
241,2023-07-29,Belo Horizonte,25.5,-0.4,19.62,71,11.8
242,2023-04-28,Porto Alegre,37.3,12.4,15.13,63,19.4
243,2023-08-16,São Paulo,17.2,3.4,115.48,88,33.4
244,2023-09-12,Porto Alegre,32.8,6.8,98.99,87,28.9
245,2023-12-07,Curitiba,45.9,21.3,110.14,77,23.0
246,2023-10-24,Porto Alegre,28.7,5.0,36.92,57,15.2
247,2023-03-19,Porto Alegre,37.2,13.3,1.88,45,7.8
248,2023-01-14,São Paulo,39.0,23.0,97.88,88,31.7
249,2023-05-07,São Paulo,25.9,10.3,94.56,100,39.0
250,2023-01-02,Belo Horizonte,47.4,16.6,47.8,66,12.8
251,2023-09-22,Rio de Janeiro,22.6,12.9,58.0,80,30.2
252,2023-11-06,Belo Horizonte,25.7,5.6,88.76,77,26.9
253,2023-02-14,Curitiba,42.0,18.4,6.59,43,8.2
254,2023-04-22,Rio de Janeiro,20.1,12.1,102.0,93,34.7
255,2023-07-10,Belo Horizonte,20.0,1.0,24.45,72,15.4
256,2023-07-05,São Paulo,14.9,9.7,116.25,92,29.8
257,2023-02-16,Porto Alegre,45.1,19.0,22.8,63,10.1
258,2023-07-28,Curitiba,20.9,-4.4,47.92,62,11.7
259,2023-03-20,Porto Alegre,27.4,6.6,105.48,100,15.7
260,2023-03-14,Rio de Janeiro,23.7,15.8,44.42,52,27.9
261,2023-10-13,Rio de Janeiro,27.7,18.4,11.97,56,18.5
262,2023-01-12,Curitiba,43.2,16.4,5.8,40,6.1
263,2023-01-18,Belo Horizonte,39.9,21.0,46.62,74,11.4
264,2023-01-06,Curitiba,44.2,17.5,8.13,42,8.8
265,2023-04-10,Curitiba,28.4,14.4,24.64,71,12.7
266,2023-05-28,Belo Horizonte,29.4,8.5,4.96,49,7.2
267,2023-07-22,Porto Alegre,23.7,-3.5,5.27,48,6.3
268,2023-02-23,Belo Horizonte,43.8,20.6,10.53,72,12.7
269,2023-06-17,Belo Horizonte,24.6,1.5,7.38,48,7.5
270,2023-02-03,Porto Alegre,45.1,10.9,36.72,60,19.3
271,2023-04-24,Belo Horizonte,29.1,7.2,31.39,67,14.3
272,2023-06-14,Porto Alegre,20.6,-2.3,2.99,45,5.3
273,2023-03-28,Porto Alegre,30.1,2.9,121.54,100,27.3
274,2023-12-05,Curitiba,42.1,13.7,30.6,63,17.2
275,2023-01-25,Porto Alegre,39.7,14.5,4.96,47,8.0
276,2023-08-26,Curitiba,19.1,-5.8,32.29,66,12.0
277,2023-04-16,Rio de Janeiro,27.7,13.2,17.98,74,24.3
278,2023-11-14,Porto Alegre,28.7,3.6,105.96,81,29.3
279,2023-10-07,Belo Horizonte,35.6,11.6,2.01,49,8.7
280,2023-01-21,São Paulo,35.8,26.2,16.99,62,22.9
281,2023-03-08,Curitiba,29.6,6.0,18.57,57,15.6
282,2023-02-09,São Paulo,39.4,21.0,117.02,88,29.7
283,2023-03-19,Porto Alegre,29.5,4.3,72.5,77,18.7
284,2023-08-25,Belo Horizonte,21.7,1.4,3.71,44,7.8
285,2023-03-17,Belo Horizonte,33.3,3.9,4.15,46,7.6
286,2023-06-23,São Paulo,17.6,2.3,99.35,78,35.5
287,2023-01-31,Porto Alegre,44.9,19.5,149.59,79,18.1
288,2023-10-12,São Paulo,20.6,17.2,82.62,95,31.9
289,2023-06-10,Porto Alegre,25.0,-5.8,29.52,65,12.1
290,2023-06-10,São Paulo,15.0,4.0,76.9,90,32.9
291,2023-03-28,Belo Horizonte,28.7,12.6,47.32,59,11.7
292,2023-04-27,Rio de Janeiro,27.1,18.7,67.09,80,22.3
293,2023-03-12,Curitiba,35.2,11.3,14.27,68,18.0
294,2023-11-11,Belo Horizonte,35.5,10.0,145.76,83,29.3
295,2023-07-12,Curitiba,22.6,-0.2,123.9,96,23.5
296,2023-07-31,Rio de Janeiro,14.2,9.5,129.63,78,28.7
297,2023-02-24,São Paulo,31.6,26.0,43.41,58,26.4
298,2023-07-21,Curitiba,27.9,-6.1,2.89,48,6.6
299,2023-04-26,São Paulo,21.4,14.1,124.51,79,37.9
300,2023-07-02,Porto Alegre,22.9,-4.0,9.99,42,9.0
301,2023-12-15,Porto Alegre,37.8,11.5,33.19,55,18.0
302,2023-09-13,Belo Horizonte,34.5,1.9,6.37,47,9.2
303,2023-09-15,Curitiba,29.2,12.1,96.79,95,24.1
304,2023-10-16,Belo Horizonte,30.0,8.4,12.01,67,10.8
305,2023-07-04,Belo Horizonte,24.8,-0.2,138.84,85,15.8
306,2023-03-15,Curitiba,38.4,2.3,38.21,71,19.3
307,2023-07-05,São Paulo,19.9,4.1,36.63,63,27.1
308,2023-11-15,Porto Alegre,32.5,5.9,24.65,58,18.9
309,2023-10-28,São Paulo,22.1,14.1,105.71,97,33.1
310,2023-01-22,Porto Alegre,41.7,11.0,78.95,100,22.6
311,2023-06-30,São Paulo,12.0,0.7,0.23,43,16.9
312,2023-06-13,Belo Horizonte,21.3,1.5,8.73,41,7.2
313,2023-11-29,Rio de Janeiro,22.3,11.6,127.38,92,25.3
314,2023-03-10,Rio de Janeiro,26.6,14.8,47.62,62,26.0
315,2023-07-06,Rio de Janeiro,17.6,2.1,27.94,63,22.5
316,2023-01-18,São Paulo,31.0,23.9,113.24,89,33.5
317,2023-05-21,Belo Horizonte,33.5,13.6,9.14,42,6.9
318,2023-08-14,São Paulo,16.9,3.4,39.98,72,19.9
319,2023-05-11,São Paulo,26.5,14.7,91.68,88,26.3
320,2023-10-22,Porto Alegre,34.0,12.0,25.84,61,18.8
321,2023-05-08,Curitiba,36.0,4.4,42.7,51,10.0
322,2023-05-30,Belo Horizonte,32.2,6.6,9.59,49,9.2
323,2023-01-02,Rio de Janeiro,35.4,20.9,31.53,74,19.7
324,2023-04-19,Porto Alegre,33.8,9.5,16.96,74,14.2
325,2023-11-04,Curitiba,28.7,10.0,0.64,43,5.1
326,2023-05-30,São Paulo,29.8,11.0,25.47,56,24.2
327,2023-03-15,São Paulo,22.3,11.9,142.06,93,33.0
328,2023-11-10,São Paulo,21.2,10.9,128.78,95,27.2
329,2023-07-04,Rio de Janeiro,12.8,1.7,1.38,43,12.1
330,2023-07-08,Rio de Janeiro,13.7,9.8,109.89,90,32.6
331,2023-09-29,São Paulo,28.5,12.6,8.23,42,16.0
332,2023-04-30,Belo Horizonte,34.5,8.3,103.73,98,15.1
333,2023-10-13,Belo Horizonte,37.7,6.8,55.53,88,18.6
334,2023-10-12,Curitiba,32.6,9.7,93.23,82,19.5
335,2023-12-04,Belo Horizonte,36.6,21.8,77.63,90,26.1
336,2023-07-12,Porto Alegre,20.6,4.3,119.91,99,25.7
337,2023-10-07,Porto Alegre,33.5,9.5,7.25,43,9.4
338,2023-01-07,Porto Alegre,38.5,14.5,6.53,45,7.2
339,2023-10-10,São Paulo,20.5,15.6,76.6,87,29.5
340,2023-01-18,São Paulo,33.8,27.3,7.62,45,13.6
341,2023-01-09,São Paulo,31.7,25.7,50.29,90,33.2
342,2023-08-01,Belo Horizonte,19.3,-4.2,122.12,93,16.6
343,2023-07-26,Rio de Janeiro,20.0,0.4,36.6,62,20.8
344,2023-12-23,Rio de Janeiro,34.3,20.4,7.89,45,12.4
345,2023-10-13,Rio de Janeiro,28.5,17.4,70.86,100,34.7
346,2023-10-14,Curitiba,36.0,13.7,46.25,50,14.5
347,2023-10-18,Porto Alegre,30.6,3.4,9.99,46,5.5
348,2023-10-23,Curitiba,37.2,7.4,25.54,71,17.4
349,2023-01-28,Curitiba,37.2,19.3,2.72,40,6.8
350,2023-12-19,Porto Alegre,38.6,13.1,50.98,83,16.4
351,2023-05-29,Porto Alegre,33.0,10.0,10.8,60,17.8
352,2023-02-11,Porto Alegre,45.8,19.8,84.12,80,25.8
353,2023-02-19,Curitiba,43.2,18.2,10.14,69,12.1
354,2023-12-13,São Paulo,39.0,28.2,139.58,79,25.1
355,2023-09-18,Curitiba,28.2,5.3,25.33,73,17.2
356,2023-04-18,Belo Horizonte,28.1,4.9,45.92,56,18.6
357,2023-07-06,Curitiba,17.5,-4.8,4.05,46,7.2
358,2023-08-26,Curitiba,21.9,1.7,49.36,57,14.7
359,2023-03-06,Curitiba,30.2,4.3,41.83,68,17.7
360,2023-05-27,São Paulo,24.5,15.5,87.61,90,34.1
361,2023-03-19,Porto Alegre,35.3,2.3,6.89,48,5.5
362,2023-03-16,Belo Horizonte,36.6,6.2,29.61,60,14.5
363,2023-03-09,Rio de Janeiro,24.4,16.8,18.84,55,27.6
364,2023-04-27,Rio de Janeiro,27.6,17.0,48.92,72,22.1
365,2023-10-01,Rio de Janeiro,22.2,13.8,13.86,61,22.9
366,2023-05-05,Belo Horizonte,27.8,3.1,107.41,96,28.8
367,2023-08-20,São Paulo,17.9,6.2,88.82,85,33.1
368,2023-11-24,Curitiba,38.3,6.9,87.63,92,17.1
369,2023-08-26,Belo Horizonte,20.8,-7.8,103.08,75,22.0
370,2023-06-06,Rio de Janeiro,19.6,3.8,84.36,89,24.7
371,2023-08-16,Curitiba,20.8,-1.7,31.27,59,19.9
372,2023-09-25,Rio de Janeiro,23.0,19.0,29.27,54,25.6
373,2023-08-31,São Paulo,19.6,6.3,125.31,93,22.4
374,2023-02-12,Rio de Janeiro,31.3,24.2,43.33,67,17.0
375,2023-01-20,Curitiba,44.8,24.0,44.39,73,17.8
376,2023-07-20,Belo Horizonte,24.9,-2.0,24.53,64,19.5
377,2023-09-18,Belo Horizonte,35.0,10.1,6.59,45,9.7
378,2023-09-28,São Paulo,21.9,16.2,121.68,82,37.9
379,2023-08-21,Curitiba,22.2,-3.0,29.06,57,13.3
380,2023-03-23,Rio de Janeiro,23.4,14.4,112.2,92,34.3
381,2023-08-01,São Paulo,12.4,9.4,33.4,51,19.2
382,2023-04-25,Curitiba,34.4,13.9,140.1,85,26.7
383,2023-09-18,Curitiba,34.1,13.2,3.45,49,5.6
384,2023-09-27,São Paulo,22.4,10.7,126.72,75,23.1
385,2023-11-14,São Paulo,22.8,10.5,84.8,79,23.4
386,2023-06-28,Porto Alegre,21.0,-3.0,138.36,91,15.2
387,2023-01-09,São Paulo,36.7,23.4,46.75,52,19.5
388,2023-07-27,Curitiba,22.0,1.8,14.32,58,16.0
389,2023-08-17,Porto Alegre,17.3,-2.0,106.0,92,23.4
390,2023-03-22,São Paulo,20.1,13.2,81.84,80,28.4
391,2023-06-01,Porto Alegre,25.6,0.3,132.27,99,19.7
392,2023-03-17,Belo Horizonte,28.5,7.6,2.76,43,6.9
393,2023-12-15,Curitiba,48.1,15.8,119.52,89,16.4
394,2023-12-06,Curitiba,44.7,15.6,32.25,71,10.5
395,2023-06-04,Belo Horizonte,26.6,-1.6,79.81,99,19.8
396,2023-11-15,Rio de Janeiro,23.1,14.0,130.03,81,25.4
397,2023-09-05,São Paulo,27.4,19.4,15.96,61,24.0
398,2023-10-11,Curitiba,37.8,5.6,30.71,73,14.4
399,2023-10-12,Porto Alegre,36.7,6.5,40.05,52,13.0
400,2023-02-22,Porto Alegre,39.5,19.3,94.34,89,27.3
401,2023-05-02,Belo Horizonte,32.2,3.4,60.62,93,16.0
402,2023-07-08,Curitiba,17.0,-7.1,20.73,51,19.7
403,2023-11-22,Curitiba,29.8,10.8,112.55,78,29.9
404,2023-11-21,Rio de Janeiro,29.8,11.6,58.24,80,31.0
405,2023-05-27,Rio de Janeiro,27.3,13.8,81.79,91,24.4
406,2023-02-02,Rio de Janeiro,37.7,22.6,2.83,42,13.7
407,2023-05-07,São Paulo,22.2,18.1,149.58,91,24.8
408,2023-02-07,Curitiba,46.0,19.0,22.06,64,17.6
409,2023-06-18,São Paulo,16.6,3.3,72.55,94,37.6
410,2023-02-03,São Paulo,33.2,24.0,19.98,74,24.0
411,2023-05-10,São Paulo,23.6,13.4,9.66,45,15.2
412,2023-01-27,São Paulo,30.5,28.2,36.93,64,23.3
413,2023-06-09,Porto Alegre,16.8,-2.9,82.8,89,27.4
414,2023-01-15,Rio de Janeiro,35.4,30.0,7.65,43,11.9
415,2023-05-18,Belo Horizonte,33.8,7.0,26.99,73,18.5
416,2023-04-04,Porto Alegre,33.8,8.5,10.19,61,10.3
417,2023-01-01,Porto Alegre,40.2,20.4,81.38,98,26.5
418,2023-04-06,Curitiba,33.4,13.4,4.59,42,7.0
419,2023-03-31,Porto Alegre,32.1,9.4,102.07,76,19.1
420,2023-12-02,Rio de Janeiro,33.4,21.7,39.59,73,21.8
421,2023-03-03,Curitiba,36.8,3.5,13.97,63,19.7
422,2023-08-21,Rio de Janeiro,10.6,2.9,8.43,46,15.7
423,2023-06-06,Belo Horizonte,24.3,-0.1,42.15,70,14.4
424,2023-01-12,Rio de Janeiro,33.7,28.3,51.18,86,23.5
425,2023-06-05,Belo Horizonte,22.2,-7.6,21.2,72,16.7
426,2023-11-30,Porto Alegre,29.8,2.1,2.29,44,7.6
427,2023-06-07,Rio de Janeiro,19.3,0.2,91.63,90,25.8
428,2023-03-04,Belo Horizonte,25.4,4.6,29.92,52,15.9
429,2023-11-28,Curitiba,34.9,6.1,116.51,88,15.3
430,2023-02-14,São Paulo,38.8,26.8,101.62,99,27.4
431,2023-06-16,São Paulo,16.0,3.0,3.77,49,17.6
432,2023-08-07,Curitiba,28.2,2.6,10.8,54,12.6
433,2023-08-20,Belo Horizonte,17.1,3.4,3.44,43,6.8
434,2023-12-19,Porto Alegre,45.3,19.1,0.37,47,9.0
435,2023-08-20,São Paulo,16.8,2.3,60.99,85,38.5
436,2023-12-25,Porto Alegre,45.3,17.2,32.48,63,14.1
437,2023-10-08,São Paulo,22.7,16.7,7.81,49,15.4
438,2023-08-07,Curitiba,25.8,0.7,50.06,100,21.8
439,2023-04-15,Belo Horizonte,35.0,4.1,10.05,52,14.7
440,2023-09-17,Rio de Janeiro,21.9,16.3,44.07,62,24.2
441,2023-05-02,Rio de Janeiro,22.8,16.6,5.21,43,12.8
442,2023-09-09,Belo Horizonte,28.0,10.9,55.32,77,20.0
443,2023-04-20,São Paulo,28.5,17.2,36.28,66,22.4
444,2023-12-17,Curitiba,37.6,21.7,5.29,43,8.6
445,2023-06-25,Curitiba,17.6,-3.7,36.11,61,19.7
446,2023-07-21,Curitiba,22.9,-4.9,22.89,70,15.0
447,2023-03-23,Porto Alegre,30.3,5.9,144.58,100,29.2
448,2023-02-02,Curitiba,40.8,19.7,47.66,64,12.9
449,2023-04-25,Porto Alegre,38.1,7.4,45.86,59,16.5
450,2023-09-18,Curitiba,31.8,3.3,141.48,79,26.8
451,2023-05-21,Curitiba,33.7,8.1,27.77,55,15.2
452,2023-07-13,Porto Alegre,23.2,0.4,38.07,53,12.4
453,2023-01-09,São Paulo,30.2,29.6,74.88,98,34.2
454,2023-02-02,Rio de Janeiro,30.6,24.7,148.95,100,26.1
455,2023-10-12,Porto Alegre,26.4,13.4,19.23,64,12.8
456,2023-08-18,Belo Horizonte,28.6,-4.3,81.48,84,17.2
457,2023-06-11,Rio de Janeiro,17.8,3.5,14.97,53,22.2
458,2023-03-03,Curitiba,33.0,8.1,103.46,84,26.8
459,2023-03-06,Porto Alegre,32.3,3.6,45.01,72,10.8
460,2023-12-27,Belo Horizonte,46.6,13.7,98.28,78,21.5
461,2023-02-09,Belo Horizonte,36.6,14.8,25.57,67,17.0
462,2023-01-28,Rio de Janeiro,38.8,24.3,130.46,100,24.8
463,2023-03-06,Rio de Janeiro,27.6,17.4,65.87,77,33.4
464,2023-07-05,Belo Horizonte,28.1,-7.4,59.49,76,28.3
465,2023-06-29,Porto Alegre,25.4,-0.6,55.37,88,26.3
466,2023-10-03,São Paulo,23.5,10.5,50.18,84,28.6
467,2023-06-12,Porto Alegre,23.8,-0.7,17.74,53,11.9
468,2023-07-20,Rio de Janeiro,10.6,7.3,24.55,50,20.1
469,2023-05-18,Belo Horizonte,32.9,12.7,40.21,54,13.2
470,2023-11-09,Curitiba,32.4,10.5,12.84,64,10.4
471,2023-02-01,Porto Alegre,36.5,16.5,127.4,85,16.9
472,2023-10-27,Porto Alegre,34.9,10.3,130.69,98,16.1
473,2023-05-14,Rio de Janeiro,25.3,15.6,38.17,63,20.8
474,2023-08-29,Belo Horizonte,21.2,2.0,17.91,50,14.3
475,2023-02-09,São Paulo,30.7,22.0,114.41,98,26.2
476,2023-09-08,Porto Alegre,35.7,3.5,68.23,90,15.6
477,2023-01-31,Curitiba,40.9,13.9,86.64,83,25.2
478,2023-12-30,Belo Horizonte,36.4,21.1,97.46,79,15.6
479,2023-07-17,Rio de Janeiro,10.9,4.4,2.9,42,15.7
480,2023-10-19,Curitiba,32.3,6.8,120.3,99,20.6
481,2023-09-27,Porto Alegre,30.4,8.9,112.18,95,29.9
482,2023-08-03,Belo Horizonte,20.5,-7.6,20.42,70,16.3
483,2023-02-18,Porto Alegre,37.8,17.1,7.01,46,8.8
484,2023-09-14,Rio de Janeiro,20.3,10.5,81.55,85,27.6
485,2023-02-23,Belo Horizonte,43.4,14.8,1.3,41,6.4
486,2023-07-17,Rio de Janeiro,19.2,2.9,9.87,43,16.0
487,2023-12-02,Rio de Janeiro,37.2,20.2,11.04,73,21.3
488,2023-07-22,Porto Alegre,26.6,0.9,143.01,88,15.1
489,2023-08-22,Belo Horizonte,19.7,0.9,38.05,71,13.1
490,2023-10-08,São Paulo,21.3,18.6,6.69,47,15.6
491,2023-03-28,Belo Horizonte,37.9,4.8,140.31,91,23.1
492,2023-05-21,Rio de Janeiro,22.9,10.4,136.86,99,35.5
493,2023-05-11,Belo Horizonte,32.8,6.6,88.21,94,17.2
494,2023-10-26,Curitiba,26.7,2.9,106.53,86,15.7
495,2023-01-10,São Paulo,37.6,29.3,10.63,60,23.9
496,2023-06-03,Rio de Janeiro,13.6,0.8,17.31,58,20.0
497,2023-01-01,Porto Alegre,40.6,21.4,43.56,51,10.6
498,2023-11-25,Rio de Janeiro,25.9,19.3,90.74,76,30.1
499,2023-03-07,São Paulo,22.8,15.5,34.03,74,20.3
500,2023-01-28,São Paulo,33.8,20.3,42.31,50,24.8
501,2023-02-18,Belo Horizonte,42.2,17.2,16.52,56,14.2
502,2023-07-24,Porto Alegre,22.7,1.8,33.3,66,15.3
503,2023-12-19,Rio de Janeiro,34.4,25.5,142.57,92,28.2
504,2023-02-18,Porto Alegre,44.5,12.4,46.24,56,17.9
505,2023-12-15,Curitiba,45.1,16.8,8.27,46,5.2
506,2023-12-05,Curitiba,39.8,18.9,147.3,75,19.9
507,2023-05-31,Porto Alegre,29.4,2.8,41.6,58,12.3
508,2023-07-03,São Paulo,10.5,2.8,88.06,80,29.4
509,2023-01-07,Belo Horizonte,44.7,12.9,27.28,50,12.2
510,2023-05-29,Porto Alegre,29.5,10.1,124.98,88,25.8
511,2023-10-21,Belo Horizonte,33.9,1.1,130.96,96,26.7
512,2023-02-01,Curitiba,46.6,24.2,10.71,68,18.1
513,2023-08-15,Curitiba,21.2,-3.3,21.38,66,16.1
514,2023-02-05,Curitiba,44.3,15.6,10.87,73,15.3
515,2023-01-26,Curitiba,48.2,15.8,18.61,56,11.2
516,2023-09-10,Belo Horizonte,34.1,12.1,15.49,63,15.3
517,2023-07-14,Rio de Janeiro,15.9,7.9,3.17,44,15.7
518,2023-02-13,Belo Horizonte,48.7,16.2,16.9,57,15.4
519,2023-03-10,Rio de Janeiro,27.3,16.4,17.74,63,26.1
520,2023-08-25,Porto Alegre,19.8,3.2,76.84,94,19.3
521,2023-03-06,Porto Alegre,33.3,7.1,98.91,88,29.5
522,2023-05-13,Curitiba,36.0,10.8,44.84,67,14.3
523,2023-12-19,Rio de Janeiro,32.6,26.4,136.94,87,24.3
524,2023-05-01,Belo Horizonte,30.2,10.9,140.48,100,18.7
525,2023-06-10,Curitiba,26.5,2.3,111.29,87,26.4
526,2023-09-26,Rio de Janeiro,27.4,13.8,9.78,49,12.6
527,2023-02-04,Belo Horizonte,48.8,15.2,7.0,49,9.0
528,2023-05-04,Belo Horizonte,34.2,10.0,5.23,41,5.7
529,2023-09-28,Porto Alegre,32.5,9.7,137.61,87,27.1
530,2023-01-04,Porto Alegre,44.0,14.5,22.8,51,16.2
531,2023-11-21,São Paulo,20.4,15.2,143.78,99,30.3
532,2023-08-05,Curitiba,23.0,0.2,8.29,49,8.3
533,2023-09-23,Porto Alegre,32.6,7.8,116.06,78,25.6
534,2023-07-21,Rio de Janeiro,14.4,2.2,42.94,57,20.0
535,2023-04-03,Belo Horizonte,33.8,12.7,43.22,62,15.0
536,2023-02-18,Porto Alegre,40.7,18.7,28.59,66,10.3
537,2023-07-15,Rio de Janeiro,18.2,7.8,26.6,74,18.9
538,2023-03-24,Rio de Janeiro,22.9,12.2,38.58,66,23.8
539,2023-03-09,Curitiba,30.2,7.4,145.7,97,21.6
540,2023-04-26,Rio de Janeiro,21.1,13.1,11.99,60,23.0
541,2023-04-30,Porto Alegre,31.8,9.5,14.34,68,13.4
542,2023-03-31,Belo Horizonte,31.1,9.8,95.54,79,16.9
543,2023-09-03,Curitiba,33.3,6.8,22.0,71,12.3
544,2023-09-20,Curitiba,35.7,7.8,7.93,49,6.2
545,2023-01-05,São Paulo,37.9,28.1,23.95,67,24.7
546,2023-03-19,Curitiba,31.1,9.9,44.81,52,10.1
547,2023-07-06,Curitiba,18.9,-5.4,8.07,47,7.0
548,2023-09-23,Curitiba,34.8,6.0,121.14,79,18.4
549,2023-07-19,Porto Alegre,22.4,-4.7,77.19,89,25.9
550,2023-02-26,Rio de Janeiro,38.8,27.1,16.84,67,26.7
551,2023-01-31,Porto Alegre,45.2,20.2,43.73,52,18.7
552,2023-12-01,São Paulo,36.7,24.2,85.63,95,30.2
553,2023-12-09,Belo Horizonte,39.2,16.0,35.99,74,14.2
554,2023-09-15,Curitiba,26.4,4.3,82.7,79,29.8
555,2023-02-28,Porto Alegre,35.2,23.0,42.04,60,19.9
556,2023-04-16,Curitiba,32.1,9.8,1.07,40,6.3
557,2023-03-12,São Paulo,29.4,18.9,55.29,79,36.8
558,2023-06-01,Curitiba,26.1,-4.8,70.97,90,25.2
559,2023-09-28,São Paulo,21.5,14.3,72.52,93,30.3
560,2023-07-07,São Paulo,11.5,9.2,1.63,49,15.9
561,2023-05-31,Porto Alegre,33.1,10.0,12.83,50,18.2
562,2023-01-11,Porto Alegre,40.1,21.2,131.53,96,27.7
563,2023-10-23,Curitiba,28.6,5.9,136.98,76,16.6
564,2023-11-07,Belo Horizonte,32.9,0.5,55.56,85,20.2
565,2023-02-20,São Paulo,35.6,25.6,102.86,82,25.4
566,2023-05-28,São Paulo,28.9,18.3,101.63,92,33.5
567,2023-09-25,Rio de Janeiro,29.4,13.2,142.34,92,25.5
568,2023-11-30,Curitiba,32.0,12.6,109.56,95,27.9
569,2023-10-10,Rio de Janeiro,22.2,17.8,7.24,45,15.4
570,2023-12-28,Belo Horizonte,40.6,20.3,66.61,99,26.6
571,2023-07-21,Belo Horizonte,26.5,-4.9,23.47,64,15.2
572,2023-01-14,Porto Alegre,40.1,11.2,21.78,58,19.2
573,2023-02-21,Rio de Janeiro,30.1,27.9,123.23,83,39.2
574,2023-01-25,Belo Horizonte,41.7,16.4,145.61,97,22.3
575,2023-08-10,Curitiba,18.0,-3.7,36.55,65,15.1
576,2023-06-18,Porto Alegre,24.3,3.0,43.73,56,11.1
577,2023-11-21,Rio de Janeiro,21.0,10.5,65.21,77,26.3
578,2023-01-19,São Paulo,33.4,23.7,63.38,75,34.3
579,2023-01-12,São Paulo,37.0,25.2,46.33,56,24.9
580,2023-01-23,Porto Alegre,48.6,20.2,132.91,75,19.9
581,2023-05-29,Porto Alegre,32.4,11.2,14.48,55,19.8
582,2023-04-30,Belo Horizonte,34.6,9.6,25.24,72,13.6
583,2023-07-01,São Paulo,16.3,8.7,15.63,55,25.4
584,2023-07-25,Rio de Janeiro,12.7,0.5,18.42,55,26.1
585,2023-04-05,Rio de Janeiro,28.5,11.7,73.68,99,34.6
586,2023-12-10,Porto Alegre,46.3,23.3,113.38,81,23.9
587,2023-06-20,Curitiba,20.2,-0.9,31.94,61,17.0
588,2023-07-13,Porto Alegre,22.1,-6.5,4.06,46,7.3
589,2023-03-13,Porto Alegre,28.8,9.7,6.78,46,6.1
590,2023-05-18,Curitiba,34.5,6.7,139.27,85,21.4
591,2023-02-23,Belo Horizonte,45.0,16.9,23.09,70,12.8
592,2023-12-08,Rio de Janeiro,38.6,26.5,127.17,75,27.0
593,2023-07-29,Curitiba,24.8,-5.5,10.24,53,10.8
594,2023-01-02,Rio de Janeiro,39.7,25.3,49.12,60,22.9
595,2023-11-15,Curitiba,37.4,9.8,24.08,62,11.3
596,2023-04-27,Belo Horizonte,31.2,5.5,21.88,50,14.6
597,2023-04-01,Belo Horizonte,32.8,5.2,2.16,49,9.7
598,2023-12-23,São Paulo,32.5,23.3,121.91,76,22.9
599,2023-12-01,Curitiba,45.6,14.4,35.7,63,18.9
600,2023-01-13,Curitiba,36.7,19.9,130.39,88,22.4
601,2023-06-02,Belo Horizonte,24.6,-7.3,24.11,70,10.0
602,2023-10-13,Belo Horizonte,29.5,2.1,87.96,89,17.6
603,2023-11-14,Belo Horizonte,31.4,2.3,92.21,79,17.7
604,2023-08-08,São Paulo,17.7,9.1,63.99,91,31.5
605,2023-08-24,São Paulo,19.4,3.2,25.62,55,22.2
606,2023-11-04,Curitiba,37.6,12.9,9.4,45,8.2
607,2023-03-01,Belo Horizonte,36.2,11.3,5.33,43,9.0
608,2023-03-27,Belo Horizonte,35.8,12.7,58.93,87,27.4
609,2023-03-31,Curitiba,36.4,8.6,34.75,63,17.2
610,2023-03-16,Belo Horizonte,37.8,4.3,39.04,60,18.6
611,2023-01-10,Belo Horizonte,39.2,24.2,10.82,57,16.5
612,2023-04-20,Belo Horizonte,33.1,1.5,38.43,62,14.7
613,2023-07-08,Rio de Janeiro,19.2,2.9,127.94,91,31.8
614,2023-08-02,São Paulo,10.3,6.7,33.74,72,19.1
615,2023-07-08,Rio de Janeiro,16.2,2.2,107.57,93,33.1
616,2023-05-24,Belo Horizonte,25.1,7.0,8.11,47,9.6
617,2023-03-30,Curitiba,35.0,3.0,18.87,62,12.0
618,2023-05-04,Rio de Janeiro,22.8,12.8,20.65,65,18.1
619,2023-08-30,Porto Alegre,29.1,-5.1,117.16,91,16.1
620,2023-04-22,Belo Horizonte,35.0,7.4,16.46,70,15.3
621,2023-10-16,Curitiba,37.1,5.8,106.52,76,15.5
622,2023-08-07,São Paulo,13.7,5.7,104.77,93,25.0
623,2023-12-26,Belo Horizonte,43.1,24.9,108.65,89,29.3
624,2023-07-26,Curitiba,24.9,1.1,7.28,45,9.3
625,2023-11-25,São Paulo,24.7,19.0,4.66,42,16.0
626,2023-05-13,Rio de Janeiro,29.9,10.4,80.33,93,37.4
627,2023-03-15,Curitiba,33.8,6.3,142.29,83,18.5
628,2023-07-30,Curitiba,21.2,-8.9,41.36,73,16.2
629,2023-03-04,Rio de Janeiro,23.2,15.4,143.9,95,31.6
630,2023-02-26,Porto Alegre,43.9,15.1,97.49,78,24.3
631,2023-01-23,Porto Alegre,40.8,16.0,64.45,76,17.0
632,2023-12-27,São Paulo,36.6,27.4,26.56,70,23.6
633,2023-06-18,São Paulo,10.1,8.8,69.23,89,28.3
634,2023-02-10,Rio de Janeiro,35.4,24.2,104.59,75,31.9
635,2023-09-03,Curitiba,35.9,8.2,56.08,85,29.4
636,2023-06-14,Belo Horizonte,21.3,-3.6,3.49,43,5.7
637,2023-11-27,Porto Alegre,34.8,12.8,74.27,92,20.4
638,2023-10-11,Rio de Janeiro,27.8,19.7,30.0,68,22.7
639,2023-09-27,São Paulo,22.4,14.2,86.57,93,29.9
640,2023-09-07,Porto Alegre,37.6,2.5,35.78,63,13.9
641,2023-07-07,Belo Horizonte,24.7,-3.9,148.26,100,18.9
642,2023-06-19,São Paulo,11.7,7.3,13.24,71,21.4
643,2023-07-08,São Paulo,15.7,5.0,92.62,100,25.6
644,2023-10-22,São Paulo,21.6,14.5,132.72,85,31.6
645,2023-01-08,São Paulo,31.5,27.1,2.77,49,14.3
646,2023-04-18,Belo Horizonte,27.8,1.2,8.38,48,7.5
647,2023-02-08,Belo Horizonte,41.4,19.2,30.49,66,10.8
648,2023-01-17,Belo Horizonte,46.9,16.9,148.38,84,25.7
649,2023-04-30,Rio de Janeiro,28.7,12.7,34.49,69,18.9
650,2023-09-10,São Paulo,22.0,17.0,54.7,91,33.0
651,2023-01-14,Curitiba,41.0,19.8,10.21,72,11.8
652,2023-08-13,Curitiba,19.6,-7.2,110.77,96,15.6
653,2023-06-22,São Paulo,16.5,5.8,34.19,61,19.0
654,2023-08-06,São Paulo,18.2,1.0,24.72,55,18.2
655,2023-10-14,Rio de Janeiro,21.3,15.8,78.33,96,30.2
656,2023-01-27,Curitiba,42.4,14.5,54.5,97,20.1
657,2023-03-03,Belo Horizonte,29.8,2.6,23.38,70,18.4
658,2023-01-05,Porto Alegre,40.8,15.5,24.03,66,18.1
659,2023-10-16,São Paulo,21.9,13.8,112.37,89,26.0
660,2023-03-23,Porto Alegre,32.9,2.7,32.26,70,11.0
661,2023-01-31,São Paulo,35.2,22.1,48.31,51,20.9
662,2023-02-09,São Paulo,33.4,25.8,39.69,55,23.1
663,2023-09-24,Curitiba,36.5,10.8,127.63,93,21.0
664,2023-05-09,Curitiba,30.4,5.8,51.54,78,26.2
665,2023-01-17,Rio de Janeiro,30.2,29.1,87.94,83,26.5
666,2023-07-03,Rio de Janeiro,18.5,5.9,97.42,78,24.7
667,2023-02-01,Curitiba,41.4,10.9,11.74,51,13.7
668,2023-09-18,Belo Horizonte,34.3,5.7,108.86,94,29.2
669,2023-06-26,Rio de Janeiro,19.3,5.8,107.34,85,28.9
670,2023-09-08,Curitiba,32.8,4.5,10.17,56,12.5
671,2023-04-22,São Paulo,24.4,11.2,139.74,98,36.0
672,2023-12-24,Belo Horizonte,39.6,14.7,130.99,100,25.9
673,2023-03-10,Belo Horizonte,27.5,5.1,125.9,79,24.0
674,2023-08-31,São Paulo,13.0,1.6,48.1,65,20.9
675,2023-02-28,São Paulo,33.1,28.5,117.02,79,30.6
676,2023-06-07,Porto Alegre,24.7,-0.8,56.51,86,18.6
677,2023-11-04,Porto Alegre,38.8,2.6,74.5,81,21.8
678,2023-01-22,Rio de Janeiro,32.9,24.5,109.69,82,25.6
679,2023-11-26,Rio de Janeiro,21.6,17.9,115.79,77,29.2
680,2023-08-09,Porto Alegre,23.6,-8.0,127.66,84,25.3
681,2023-06-04,São Paulo,11.6,2.7,42.31,66,25.6
682,2023-12-19,Porto Alegre,37.3,20.7,17.77,52,12.8
683,2023-05-22,Curitiba,33.4,2.8,34.82,51,19.0
684,2023-10-20,Belo Horizonte,31.6,10.7,0.95,43,5.3
685,2023-08-03,São Paulo,14.8,1.8,65.36,84,27.8
686,2023-12-26,Belo Horizonte,40.5,18.2,25.59,63,15.0
687,2023-07-04,Curitiba,28.1,1.2,23.34,60,17.7
688,2023-06-10,Rio de Janeiro,19.9,2.1,62.17,94,31.0
689,2023-11-01,Curitiba,32.4,9.6,121.85,81,22.4
690,2023-10-11,Belo Horizonte,37.2,6.0,37.36,56,17.0
691,2023-05-06,São Paulo,25.3,18.4,76.87,95,28.3
692,2023-09-22,São Paulo,20.4,10.4,15.27,61,19.2
693,2023-12-17,Curitiba,46.7,18.0,139.2,78,22.9
694,2023-11-24,São Paulo,21.4,12.9,53.18,78,29.6
695,2023-10-30,Rio de Janeiro,21.5,17.2,2.14,45,15.6
696,2023-07-28,São Paulo,19.9,7.9,10.8,66,20.6
697,2023-12-03,Curitiba,44.2,15.5,33.43,56,18.4
698,2023-01-25,Rio de Janeiro,32.4,25.5,119.81,97,25.4
699,2023-05-28,Curitiba,31.7,12.1,86.41,81,23.4
700,2023-01-31,São Paulo,34.8,28.6,41.79,73,21.6
701,2023-08-17,Porto Alegre,25.0,0.6,14.92,73,13.4
702,2023-09-25,Curitiba,34.3,9.8,149.16,92,23.7
703,2023-05-14,São Paulo,22.1,15.6,118.17,84,21.7
704,2023-12-20,São Paulo,33.3,28.5,27.17,53,21.5
705,2023-12-26,Porto Alegre,45.5,12.0,83.56,83,24.4
706,2023-06-13,Porto Alegre,23.5,-5.5,100.57,84,22.6
707,2023-11-09,São Paulo,29.3,13.9,11.54,74,22.7
708,2023-08-22,Rio de Janeiro,10.5,7.4,71.81,80,35.6
709,2023-10-08,Porto Alegre,33.5,8.5,122.28,76,17.6
710,2023-05-09,São Paulo,28.3,19.5,28.63,63,19.9
711,2023-06-29,Belo Horizonte,19.7,1.6,1.17,40,8.8
712,2023-06-09,Belo Horizonte,21.0,-1.4,35.01,66,20.0
713,2023-03-16,Porto Alegre,30.6,11.4,15.67,56,17.8
714,2023-05-27,Porto Alegre,36.4,11.1,115.81,75,19.1
715,2023-01-16,Curitiba,40.4,17.9,43.92,50,16.1
716,2023-02-19,Rio de Janeiro,30.4,25.5,81.54,89,29.0
717,2023-11-18,São Paulo,27.7,13.4,10.26,66,18.7
718,2023-04-16,Curitiba,33.4,11.6,148.17,85,26.6
719,2023-02-25,Curitiba,41.1,14.0,20.59,64,12.4
720,2023-08-04,Belo Horizonte,26.8,-2.4,13.54,69,11.5
721,2023-12-05,São Paulo,34.6,24.1,144.9,88,23.3
722,2023-12-13,Curitiba,42.2,12.4,37.58,72,12.3
723,2023-08-26,Rio de Janeiro,17.5,3.6,109.87,83,23.7
724,2023-01-20,Rio de Janeiro,36.1,24.1,7.62,49,16.0
725,2023-08-28,Belo Horizonte,24.6,-2.9,70.98,88,27.7
726,2023-05-17,Belo Horizonte,31.2,7.0,77.81,85,15.8
727,2023-03-01,Belo Horizonte,30.3,2.0,37.71,66,12.2
728,2023-10-21,Curitiba,34.7,7.8,30.74,69,19.9
729,2023-06-26,Belo Horizonte,25.7,-0.8,0.83,43,8.2
730,2023-08-05,Rio de Janeiro,19.2,5.4,7.03,49,17.2
731,2023-10-27,Curitiba,31.4,8.8,31.55,64,11.2
732,2023-02-17,Curitiba,47.9,18.1,8.83,42,6.9
733,2023-01-18,Porto Alegre,42.1,13.6,65.24,76,29.2
734,2023-08-28,Belo Horizonte,21.9,-1.6,57.02,77,28.4
735,2023-02-24,Curitiba,46.2,13.1,9.88,44,5.8
736,2023-03-12,São Paulo,29.0,11.1,52.48,92,31.2
737,2023-12-16,Curitiba,42.3,16.5,8.47,47,6.2
738,2023-05-15,São Paulo,25.5,12.8,48.53,55,23.5
739,2023-05-09,Rio de Janeiro,23.4,11.2,42.43,67,25.9
740,2023-03-19,Curitiba,34.2,4.8,84.32,88,23.0
741,2023-03-26,Curitiba,33.2,10.7,3.04,43,7.7
742,2023-06-30,São Paulo,17.8,7.8,140.17,85,23.1
743,2023-12-18,Belo Horizonte,38.2,21.5,38.27,60,18.9
744,2023-01-18,São Paulo,30.6,23.5,14.57,62,21.5
745,2023-07-20,Curitiba,28.0,-2.3,13.58,56,13.1
746,2023-07-08,Rio de Janeiro,10.6,0.1,31.02,69,20.4
747,2023-12-16,Belo Horizonte,44.9,14.3,37.65,59,18.6
748,2023-08-30,Porto Alegre,23.9,-5.5,36.11,57,15.5
749,2023-06-05,Curitiba,17.1,-1.3,2.85,42,8.2
750,2023-04-14,Belo Horizonte,26.1,12.2,76.78,77,22.9
751,2023-05-02,Rio de Janeiro,25.8,17.8,1.19,42,13.4
752,2023-03-12,São Paulo,24.7,13.2,104.17,78,34.8
753,2023-07-23,Curitiba,20.2,-0.7,44.77,62,19.3
754,2023-01-29,Rio de Janeiro,35.5,29.0,8.11,43,16.6
755,2023-09-21,Curitiba,30.3,9.1,100.73,79,25.9
756,2023-06-11,São Paulo,12.4,4.6,99.01,97,25.7
757,2023-02-04,Curitiba,39.4,19.1,42.84,53,13.7
758,2023-11-13,Curitiba,29.1,5.5,139.25,95,20.9
759,2023-10-08,Porto Alegre,33.9,1.8,94.64,90,29.6
760,2023-08-03,São Paulo,15.4,2.6,3.85,40,12.4
761,2023-07-10,Belo Horizonte,24.5,-1.4,20.74,58,10.7
762,2023-02-21,Belo Horizonte,47.3,17.8,16.26,73,12.6
763,2023-07-01,Curitiba,20.7,0.4,53.01,99,28.9
764,2023-11-07,Rio de Janeiro,29.5,15.6,143.08,79,33.0
765,2023-10-24,Porto Alegre,33.6,12.1,24.99,57,17.3
766,2023-01-18,Curitiba,39.9,21.0,102.04,97,27.0
767,2023-12-24,Rio de Janeiro,37.4,20.1,45.3,53,17.8
768,2023-04-16,Porto Alegre,34.0,9.1,49.58,59,19.3
769,2023-07-25,Belo Horizonte,21.6,0.7,97.3,88,26.8
770,2023-10-20,Curitiba,35.0,5.3,130.35,96,17.6
771,2023-11-16,Porto Alegre,26.9,6.4,20.97,60,17.7
772,2023-05-03,São Paulo,28.3,15.5,49.18,62,22.8
773,2023-11-21,Curitiba,39.1,3.8,80.86,79,16.9
774,2023-08-27,Curitiba,27.0,-6.7,7.67,49,6.5
775,2023-12-30,Rio de Janeiro,36.9,28.0,31.86,58,27.3
776,2023-05-15,São Paulo,21.1,16.6,25.92,70,20.3
777,2023-11-18,Rio de Janeiro,22.1,10.3,18.17,64,22.3
778,2023-01-10,Belo Horizonte,41.8,16.7,96.8,90,25.3
779,2023-08-13,Belo Horizonte,27.0,-5.8,31.97,69,11.7
780,2023-10-12,Belo Horizonte,33.0,8.2,17.38,60,17.9
781,2023-12-14,Belo Horizonte,43.0,19.6,42.41,67,11.8
782,2023-06-08,São Paulo,10.3,4.5,75.29,99,35.4
783,2023-06-22,São Paulo,12.1,1.0,16.94,54,23.3
784,2023-01-22,Curitiba,49.4,18.9,15.74,66,17.4
785,2023-12-16,Porto Alegre,40.4,17.1,110.64,82,27.4
786,2023-02-03,Belo Horizonte,45.4,22.9,8.29,42,5.7
787,2023-11-05,Porto Alegre,36.0,8.6,34.76,74,16.3
788,2023-10-04,Rio de Janeiro,27.0,17.6,100.22,94,31.8
789,2023-05-11,Porto Alegre,30.8,8.8,94.81,81,16.0
790,2023-03-12,Porto Alegre,28.3,4.5,122.65,87,25.4
791,2023-05-03,Porto Alegre,31.2,10.7,92.58,80,26.6
792,2023-06-15,Rio de Janeiro,10.0,0.8,43.92,56,24.4
793,2023-10-11,Porto Alegre,33.2,8.5,34.85,69,19.0
794,2023-06-02,Porto Alegre,20.0,-5.2,74.29,82,16.5
795,2023-08-28,Rio de Janeiro,12.0,5.1,88.93,92,33.9
796,2023-11-14,Curitiba,35.9,4.1,9.47,49,10.0
797,2023-02-23,Curitiba,43.5,13.6,2.12,42,5.3
798,2023-09-28,Porto Alegre,31.1,6.8,0.25,40,7.3
799,2023-09-02,Rio de Janeiro,26.9,15.0,3.48,48,15.5
800,2023-10-22,Rio de Janeiro,25.6,17.7,10.29,59,19.2
801,2023-10-15,Porto Alegre,38.7,10.0,32.43,67,12.3
802,2023-02-02,Curitiba,44.1,15.7,39.1,68,12.9
803,2023-06-12,Porto Alegre,22.4,3.2,132.08,82,25.2
804,2023-05-25,Curitiba,38.1,7.8,91.83,99,28.9
805,2023-08-30,São Paulo,10.5,9.4,7.14,48,11.6
806,2023-01-07,Belo Horizonte,41.2,18.0,3.13,45,8.7
807,2023-04-12,Belo Horizonte,29.1,6.9,139.3,94,28.1
808,2023-10-31,Belo Horizonte,35.7,7.0,81.43,95,26.3
809,2023-05-28,Porto Alegre,34.9,9.0,3.39,42,8.2
810,2023-06-03,Porto Alegre,20.1,-3.7,10.42,65,18.1
811,2023-04-07,Porto Alegre,38.7,7.0,0.4,47,9.2
812,2023-05-07,Belo Horizonte,30.7,7.7,143.8,84,21.9
813,2023-06-04,Curitiba,16.7,-4.3,135.28,96,18.4
814,2023-03-21,Curitiba,30.1,5.8,42.58,50,15.6
815,2023-11-20,São Paulo,23.6,15.4,7.32,45,18.5
816,2023-03-25,Belo Horizonte,35.0,7.8,76.36,81,16.1
817,2023-01-07,Belo Horizonte,41.6,22.8,25.68,57,19.0
818,2023-02-23,Porto Alegre,46.7,15.9,59.37,91,26.9
819,2023-11-17,Porto Alegre,31.3,4.1,5.76,46,6.8
820,2023-03-06,Porto Alegre,35.3,4.0,25.48,62,11.3
821,2023-04-09,Belo Horizonte,29.1,10.3,7.85,40,9.4
822,2023-12-01,Curitiba,45.1,21.8,125.95,97,21.6
823,2023-12-28,Belo Horizonte,39.5,19.6,77.39,90,18.3
824,2023-04-15,Curitiba,26.7,4.8,139.85,95,28.1
825,2023-08-27,Rio de Janeiro,10.1,8.0,116.49,95,35.0
826,2023-11-03,Porto Alegre,36.9,7.7,120.89,96,25.6
827,2023-04-13,Curitiba,29.7,13.8,51.79,84,22.4
828,2023-08-07,São Paulo,15.9,3.1,146.76,90,33.3
829,2023-05-02,Curitiba,35.4,6.4,4.75,42,5.8
830,2023-01-20,São Paulo,35.8,23.3,31.45,70,20.0
831,2023-12-29,São Paulo,33.0,25.6,39.54,63,26.3
832,2023-02-11,Porto Alegre,39.0,14.6,45.1,57,14.9
833,2023-10-04,Belo Horizonte,31.2,4.6,15.15,71,16.2
834,2023-09-11,Belo Horizonte,34.6,5.7,105.15,96,24.6
835,2023-11-20,Curitiba,31.5,9.0,115.07,76,16.2
836,2023-10-27,Porto Alegre,29.0,12.0,19.3,56,14.4
837,2023-12-15,Porto Alegre,44.0,17.1,29.38,53,18.9
838,2023-09-03,Rio de Janeiro,27.5,15.0,101.0,97,25.8
839,2023-02-08,São Paulo,33.8,29.5,139.6,76,28.3
840,2023-12-10,Belo Horizonte,39.2,16.3,120.1,100,23.0
841,2023-02-22,Porto Alegre,41.6,19.7,15.9,50,11.1
842,2023-03-31,Curitiba,31.2,7.4,12.37,57,14.7
843,2023-12-05,São Paulo,39.3,20.6,6.64,47,16.5
844,2023-04-17,São Paulo,25.9,10.4,25.1,66,27.9
845,2023-06-13,São Paulo,16.6,0.4,32.09,61,26.6
846,2023-12-10,Curitiba,39.9,23.4,34.29,51,16.1
847,2023-02-27,Curitiba,44.1,19.0,131.95,94,21.0
848,2023-01-24,Rio de Janeiro,38.4,20.5,10.61,61,29.6
849,2023-05-16,Porto Alegre,32.5,4.2,124.93,82,26.7
850,2023-07-09,Rio de Janeiro,17.5,8.1,139.71,95,35.1
851,2023-10-21,Belo Horizonte,30.1,7.3,19.85,62,10.6
852,2023-08-02,Rio de Janeiro,19.9,7.4,56.59,84,38.9
853,2023-03-20,Porto Alegre,35.3,8.3,14.57,67,10.3
854,2023-11-15,Belo Horizonte,39.1,4.8,6.08,49,9.0
855,2023-09-17,Porto Alegre,31.8,3.6,32.36,50,12.6
856,2023-08-30,Belo Horizonte,27.7,-5.0,13.31,74,17.7
857,2023-06-27,São Paulo,17.0,3.9,8.82,47,15.6
858,2023-06-22,Rio de Janeiro,17.3,3.8,7.93,47,16.0
859,2023-02-27,Porto Alegre,43.6,18.3,1.32,49,8.3
860,2023-02-21,São Paulo,33.7,24.1,104.75,82,33.0
861,2023-03-12,São Paulo,22.6,12.2,134.78,94,32.1
862,2023-07-07,Rio de Janeiro,16.2,2.3,24.91,59,18.1
863,2023-10-20,Rio de Janeiro,29.7,19.2,92.91,88,30.7
864,2023-09-06,Rio de Janeiro,23.5,17.0,37.4,51,24.7
865,2023-01-04,Belo Horizonte,38.6,18.2,43.83,65,12.2
866,2023-01-10,São Paulo,30.0,27.8,43.92,59,17.1
867,2023-03-29,Belo Horizonte,32.7,8.9,48.29,55,14.7
868,2023-07-03,Porto Alegre,17.5,0.6,18.09,58,16.0
869,2023-09-07,Porto Alegre,36.5,6.8,19.94,60,11.3
870,2023-09-06,São Paulo,20.7,19.0,141.59,86,25.9
871,2023-08-30,Curitiba,21.1,1.0,4.12,48,9.8
872,2023-03-20,Belo Horizonte,36.6,8.1,32.94,71,11.4
873,2023-11-06,Belo Horizonte,27.8,5.3,39.05,57,10.8
874,2023-06-04,Belo Horizonte,22.9,-5.5,1.06,42,7.6
875,2023-05-13,Belo Horizonte,33.1,10.7,15.55,74,16.9
876,2023-05-22,Porto Alegre,36.5,11.2,60.5,92,15.3
877,2023-12-01,Curitiba,40.9,24.3,71.73,79,27.1
878,2023-01-12,Porto Alegre,42.3,18.3,12.93,74,16.7
879,2023-12-21,Curitiba,40.6,16.4,73.31,84,19.6
880,2023-02-08,Curitiba,39.8,18.8,26.95,68,17.1
881,2023-06-05,Porto Alegre,18.3,-2.3,140.96,76,18.6
882,2023-01-23,Rio de Janeiro,31.6,22.0,1.7,47,18.3
883,2023-09-06,Curitiba,33.2,3.9,87.04,95,25.4
884,2023-04-15,Belo Horizonte,33.3,11.4,37.95,53,12.3
885,2023-08-23,Belo Horizonte,20.5,-2.2,33.31,62,12.0
886,2023-05-16,Curitiba,35.9,5.8,34.02,73,19.4
887,2023-08-21,Porto Alegre,23.6,-2.4,24.22,74,15.3
888,2023-07-29,Curitiba,19.3,-3.3,19.24,66,19.1
889,2023-08-15,Porto Alegre,25.2,-3.0,66.02,75,19.6
890,2023-05-08,Rio de Janeiro,29.7,13.3,136.82,89,39.5
891,2023-11-11,Curitiba,31.4,4.5,17.65,52,11.9
892,2023-03-27,Porto Alegre,30.4,6.5,133.66,82,21.8
893,2023-05-03,São Paulo,28.8,17.7,130.78,78,26.4
894,2023-03-10,São Paulo,29.0,16.1,34.61,54,26.1
895,2023-05-09,São Paulo,28.1,14.1,46.13,62,24.5
896,2023-12-16,Porto Alegre,45.7,15.6,10.7,58,18.5
897,2023-07-31,Belo Horizonte,18.7,-0.6,45.81,72,12.8
898,2023-09-22,Rio de Janeiro,21.9,15.5,60.16,94,30.0
899,2023-03-27,Belo Horizonte,37.4,9.6,75.5,91,27.2
900,2023-08-18,Porto Alegre,23.6,-0.7,70.24,85,26.7
901,2023-10-18,Porto Alegre,36.0,11.4,26.17,52,19.6
902,2023-10-30,Rio de Janeiro,27.3,15.5,46.37,68,24.7
903,2023-11-21,Curitiba,30.2,13.3,84.42,84,24.0
904,2023-05-07,São Paulo,21.4,16.1,15.96,65,20.0
905,2023-04-23,Rio de Janeiro,26.3,18.2,38.08,66,24.6
906,2023-09-05,Belo Horizonte,27.8,9.3,112.28,94,20.0
907,2023-10-19,Curitiba,32.6,9.8,11.5,61,17.8
908,2023-08-22,Rio de Janeiro,20.0,8.6,8.5,45,12.9
909,2023-05-19,Rio de Janeiro,27.9,14.7,44.63,57,19.3
910,2023-11-15,Rio de Janeiro,29.1,17.7,120.62,100,32.3
911,2023-07-24,São Paulo,12.1,5.7,62.44,97,20.5
912,2023-07-26,Rio de Janeiro,13.5,1.0,2.78,41,16.9
913,2023-08-01,Rio de Janeiro,16.3,0.4,5.81,43,13.1
914,2023-12-21,Porto Alegre,42.0,13.4,122.7,76,25.4
915,2023-11-25,Rio de Janeiro,25.7,11.4,4.63,42,14.3
916,2023-04-12,Curitiba,37.3,8.5,8.27,47,7.8
917,2023-11-28,Rio de Janeiro,24.1,17.7,91.55,75,34.8
918,2023-01-24,Porto Alegre,37.1,14.0,29.38,70,16.8
919,2023-08-18,Rio de Janeiro,15.9,8.6,16.2,53,18.4
920,2023-10-30,Belo Horizonte,36.3,7.7,63.21,87,27.3
921,2023-09-29,Curitiba,31.8,2.6,36.92,52,14.2
922,2023-07-17,Rio de Janeiro,16.3,8.5,17.25,62,22.9
923,2023-02-14,Curitiba,38.0,21.6,63.3,88,25.4
924,2023-02-07,Porto Alegre,44.0,17.1,147.55,95,18.0
925,2023-03-24,Belo Horizonte,25.9,4.5,5.29,49,7.9
926,2023-08-04,Rio de Janeiro,17.2,4.2,42.67,68,21.6
927,2023-02-14,Porto Alegre,42.1,17.6,0.2,44,5.8
928,2023-03-11,Belo Horizonte,35.4,10.8,121.06,76,16.7
929,2023-07-29,Curitiba,20.4,-0.8,40.33,52,11.7
930,2023-04-01,Rio de Janeiro,26.5,14.4,22.11,72,19.7
931,2023-04-09,Porto Alegre,31.0,5.1,19.66,53,14.1
932,2023-10-02,Rio de Janeiro,29.1,18.3,140.09,76,26.7
933,2023-09-04,Porto Alegre,34.8,8.4,36.64,66,15.6
934,2023-04-05,Porto Alegre,32.6,6.3,9.87,46,7.2
935,2023-02-25,Curitiba,45.5,22.4,134.68,81,28.6
936,2023-02-27,Belo Horizonte,42.0,15.0,46.05,70,19.0
937,2023-03-19,Belo Horizonte,30.3,4.6,12.05,62,14.2
938,2023-06-19,Curitiba,25.7,-5.1,56.96,81,18.7
939,2023-08-16,São Paulo,15.0,2.0,127.46,86,33.4
940,2023-05-21,Porto Alegre,36.7,9.3,5.2,46,8.3
941,2023-04-10,São Paulo,29.1,15.0,40.06,60,23.5
942,2023-11-22,Rio de Janeiro,28.1,14.3,15.07,74,19.7
943,2023-11-08,Porto Alegre,37.1,5.9,96.65,81,24.5
944,2023-05-09,Porto Alegre,30.0,7.1,50.98,75,19.8
945,2023-02-01,Rio de Janeiro,34.3,21.2,22.69,69,17.3
946,2023-03-11,São Paulo,25.6,10.7,69.91,99,36.0
947,2023-10-03,Curitiba,27.0,10.3,6.05,44,8.2
948,2023-03-15,Curitiba,30.1,11.2,94.46,88,29.6
949,2023-03-31,São Paulo,28.0,19.6,23.45,56,15.8
950,2023-06-03,Rio de Janeiro,16.3,5.4,31.22,57,25.3
951,2023-02-26,São Paulo,37.5,21.4,31.01,53,21.0
952,2023-12-22,São Paulo,36.3,21.3,13.2,53,19.2
953,2023-11-13,Rio de Janeiro,23.1,16.8,94.9,96,26.2
954,2023-12-24,Rio de Janeiro,32.9,22.4,53.37,77,39.1
955,2023-06-23,Belo Horizonte,19.1,-0.8,21.41,57,12.7
956,2023-01-11,Porto Alegre,40.9,14.8,112.94,83,29.7
957,2023-08-02,Rio de Janeiro,15.1,5.2,36.14,64,27.7
958,2023-07-14,Rio de Janeiro,10.2,7.2,66.35,90,32.4
959,2023-06-22,Curitiba,23.8,-1.3,26.57,71,14.8
960,2023-02-24,Belo Horizonte,43.8,19.0,4.61,48,7.1
961,2023-11-16,São Paulo,26.1,17.3,14.54,56,22.4
962,2023-06-05,Rio de Janeiro,17.0,7.9,12.77,56,19.6
963,2023-03-19,Porto Alegre,31.8,3.9,10.71,67,12.1
964,2023-02-13,Rio de Janeiro,33.3,27.1,30.96,74,24.1
965,2023-08-28,Belo Horizonte,26.5,-3.4,25.52,69,17.8
966,2023-10-01,Curitiba,27.9,11.1,57.79,97,15.5
967,2023-08-23,Belo Horizonte,22.7,0.1,4.64,45,8.4
968,2023-05-11,São Paulo,23.7,13.2,124.83,80,35.0
969,2023-05-06,Rio de Janeiro,26.4,10.3,2.76,47,14.3
970,2023-09-07,Curitiba,30.4,2.8,42.25,74,14.9
971,2023-03-16,Curitiba,35.5,12.5,122.03,92,25.9
972,2023-02-17,Porto Alegre,41.6,16.2,142.32,99,26.4
973,2023-07-06,São Paulo,18.7,4.6,53.28,86,31.1
974,2023-05-22,Curitiba,33.2,10.7,33.63,60,17.9
975,2023-06-17,Rio de Janeiro,18.8,5.2,27.02,52,24.3
976,2023-11-29,Rio de Janeiro,25.4,16.4,35.43,56,23.7
977,2023-04-14,Curitiba,35.7,11.6,39.15,71,13.0
978,2023-02-24,São Paulo,34.0,29.7,16.64,65,20.8
979,2023-04-15,São Paulo,20.8,19.5,9.1,45,13.5
980,2023-10-26,Rio de Janeiro,25.6,15.5,81.66,93,35.4
981,2023-04-30,Porto Alegre,32.5,7.5,54.71,96,15.7
982,2023-09-08,Porto Alegre,36.8,7.6,127.85,81,26.3
983,2023-02-06,Rio de Janeiro,33.4,23.4,3.45,41,17.1
984,2023-07-23,Belo Horizonte,20.5,1.8,89.54,91,21.1
985,2023-05-05,Rio de Janeiro,27.2,17.9,59.49,78,36.9
986,2023-02-15,Porto Alegre,43.5,18.0,60.78,76,29.3
987,2023-08-26,São Paulo,11.4,5.5,10.42,63,25.9
988,2023-05-30,São Paulo,29.0,14.9,134.76,86,29.8
989,2023-03-04,Porto Alegre,30.3,12.8,42.34,71,13.4
990,2023-10-08,Belo Horizonte,28.2,2.6,67.5,93,20.4
991,2023-01-21,Belo Horizonte,37.8,21.9,130.1,86,25.3
992,2023-10-11,Rio de Janeiro,29.2,14.4,15.51,51,23.4
993,2023-09-10,São Paulo,20.2,17.4,7.09,41,15.0
994,2023-11-08,Rio de Janeiro,29.6,14.4,50.24,80,30.4
995,2023-01-02,Belo Horizonte,38.9,19.3,81.19,78,15.1
996,2023-02-27,Belo Horizonte,39.2,23.5,34.16,65,18.4
997,2023-06-20,São Paulo,15.7,9.0,52.45,79,29.5
998,2023-05-05,Porto Alegre,28.0,11.1,147.9,76,29.6
999,2023-05-10,São Paulo,21.7,12.3,71.36,79,24.0
1000,2023-07-07,Belo Horizonte,20.1,-0.2,58.99,86,15.4